<project name="eclipse.dimensions.build" default="build">
  <property name="sourceLocation" location="../.." />
  <property name="commonBaseLocation" location="${sourceLocation}/common" />
  <property name="pluginLibrariesLocation" location="${sourceLocation}/eclipse/com.microfocus.dimensions.plugin/lib" />
  <property name="commonLibrariesLocation" location="${commonBaseLocation}/plugin-java-common/build/libs" />

  <target name="clean">
    <delete dir="${commonLibrariesLocation}" quiet="true"/>
  </target>

  <target name="build.common.libraries">
    <exec dir="${commonBaseLocation}/plugin-java-common" executable="cmd">
      <arg value="/c"/>
      <arg value="gradlew build"/>
    </exec>
  </target>

  <target name="copy.jars">
    <copy todir="${pluginLibrariesLocation}">
      <fileset dir="${commonLibrariesLocation}"
               includes="**" />
    </copy>
  </target>

  <!--This target defines the run-order of the targets-->
  <target name="build" depends="clean, build.common.libraries, copy.jars" />
</project>
