<!-- ===================================================================== -->
<!-- Custom targets called from a project's generated build.xml            -->
<!-- Set customBuildCallbacks=<path/to/this/file> in your build.properties.-->
<!-- ===================================================================== -->
<project name="Build specific targets and properties" default="pre.build.jars">

    <property name="javatop" location="../.." />
    <property name="darius.jar" value="${javatop}/api/darius/dist/darius.jar" />
    <property name="dmzstd.jar" value="${javatop}/api/dmzstd/dist/dmzstd.jar" />
    <property name="dmnet.jar" value="${javatop}/api/dmnet/dist/dmnet.jar" />
    <property name="dmfile.jar" value="${javatop}/api/dmfile/dist/dmfile.jar" />
    <property name="dmclient.jar" value="${javatop}/api/dmclient/dist/dmclient.jar" />
    <property name="lib.dir" value="lib" />

        <!-- ===================================================================== -->
        <!-- Default target                                                        -->
        <!-- ===================================================================== -->
        <target name="noDefault">
                <echo message="This file must be called with explicit targets" />
        </target>

  <target name="init">
    <condition property="unixbuild"><os family="unix" /></condition>
    <condition property="windowsbuild"><os family="windows" /></condition>
    <defaultexcludes add="**/.metadata/**"/>
    <defaultexcludes add="**/.dm/**" />
  </target>

  <target name="build.dmclient" depends="init, build.darius, build.dmfile, build.dmnet, build.dmzstd">
    <ant dir="${javatop}/api/dmclient" antfile="build.xml" target="jar" inheritall="false" />
  </target>

  <target name="build.darius" depends="init, build.dmnet, build.dmfile, build.dmzstd">
    <ant dir="${javatop}/api/darius" antfile="build.xml" target="jar" inheritall="false" />
  </target>

  <target name="build.dmnet" depends="init, build.dmfile, build.dmzstd">
    <ant dir="${javatop}/api/dmnet" antfile="build.xml" target="jar" inheritall="false" />
  </target>

  <target name="build.dmfile" depends="init">
      <ant dir="${javatop}/api/dmfile" antfile="build.xml" target="jar" inheritall="false" />
  </target>

  <target name="build.dmzstd" depends="init">
      <ant dir="${javatop}/api/dmzstd" antfile="build.xml" target="jar" inheritall="false" />
  </target>

        <!-- ===================================================================== -->
        <!-- Steps to do before the target build.jars                              -->
        <!-- Available parameters :                                                -->
        <!--   build.result.folder - folder to contain the build results           -->
        <!-- ===================================================================== -->
        <target name="pre.build.jars" depends="build.dmclient">
                <copy file="${dmzstd.jar}" todir="${lib.dir}" failonerror="false" overwrite="true"/>
                <copy file="${dmfile.jar}" todir="${lib.dir}" failonerror="false" overwrite="true"/>
                <copy file="${dmnet.jar}" todir="${lib.dir}" failonerror="false" overwrite="true"/>
                <copy file="${darius.jar}" todir="${lib.dir}" failonerror="false" overwrite="true"/>
                <copy file="${dmclient.jar}" todir="${lib.dir}" failonerror="false" overwrite="true"/>
        </target>

        <!-- ===================================================================== -->
        <!-- Steps to do after the target build.jars                               -->
        <!-- Available parameters :                                                -->
        <!--   build.result.folder - folder to contain the build results           -->
        <!-- ===================================================================== -->
        <target name="post.build.jars">
        </target>

        <!-- ===================================================================== -->
        <!-- Steps to do before the target build.sources                           -->
        <!-- Available parameters :                                                -->
        <!--   build.result.folder - folder to contain the build results           -->
        <!-- ===================================================================== -->
        <target name="pre.build.sources">
        </target>

        <!-- ===================================================================== -->
        <!-- Steps to do after the target build.sources                            -->
        <!-- Available parameters :                                                -->
        <!--   build.result.folder - folder to contain the build results           -->
        <!-- ===================================================================== -->
        <target name="post.build.sources">
        </target>

        <!-- ===================================================================== -->
        <!-- Steps to do before the compilation target <name>                      -->
        <!-- Substitute "name" with the name of the compilation target, eg @dot    -->
        <!-- Available parameters :                                                -->
        <!--   source.foldern : n = 1 ... N, the source folders                    -->
        <!--   target.folder  : where the results of the compilation go            -->
        <!--   <name>.classpath : name = name of the compilation target. A         -->
        <!--                      reference to the classpath structure.            -->
        <!-- ===================================================================== -->
        <target name="pre.dmcore.jar">
        </target>

        <target name="pre.@dot">
        </target>

        <!-- ===================================================================== -->
        <!-- Steps to do during the compilation target <name>, after the compile   -->
        <!-- but before jaring.  Substitute "name" with the name of the compilation-->
        <!-- target, eg @dot                                                       -->
        <!-- Available parameters :                                                -->
        <!--   source.foldern : n = 1 ... N, the source folders                    -->
        <!--   target.folder  : where the results of the compilation go            -->
        <!--   <name>.classpath : name = name of the compilation target. A         -->
        <!--                      reference to the classpath structure.            -->
        <!-- ===================================================================== -->
        <target name="post.compile.dmcore.jar">
        </target>

        <target name="post.compile.@dot">
        </target>

        <!-- ===================================================================== -->
        <!-- Steps to do after the compilation target <name>                       -->
        <!-- Substitute "name" with the name of the compilation target, eg @dot    -->
        <!-- Available parameters :                                                -->
        <!--   jar.location - the location of the compilation results              -->
        <!--   <name>.classpath : name = name of the compilation target. A         -->
        <!--                      reference to the classpath structure.            -->
        <!-- ===================================================================== -->
        <target name="post.dmcore.jar">
        </target>

        <target name="post.@dot">
        </target>

        <!-- ===================================================================== -->
        <!-- Steps to do before the target gather.bin.parts                         -->
        <!-- Available parameters :                                                -->
        <!--   build.result.folder - folder containing the build results           -->
        <!--   target.folder - destination folder                                  -->
        <!-- ===================================================================== -->
        <target name="pre.gather.bin.parts">
        </target>

        <!-- ===================================================================== -->
        <!-- Steps to do after the target gather.bin.parts                         -->
        <!-- Available parameters :                                                -->
        <!--   build.result.folder - folder containing the build results           -->
        <!--   target.folder - destination folder                                  -->
        <!-- ===================================================================== -->
        <target name="post.gather.bin.parts">
        </target>

        <!-- ===================================================================== -->
        <!-- Steps to do before the target gather.sources                          -->
        <!-- Available parameters :                                                -->
        <!--   destination.temp.folder - destination folder                        -->
        <!-- ===================================================================== -->
        <target name="pre.gather.sources">
        </target>

        <!-- ===================================================================== -->
        <!-- Steps to do after the target gather.sources                           -->
        <!-- Available parameters :                                                -->
        <!--   destination.temp.folder - destination folder                        -->
        <!-- ===================================================================== -->
        <target name="post.gather.sources">
        </target>

        <!-- ===================================================================== -->
        <!-- Steps to do before the target gather.logs                             -->
        <!-- Available parameters :                                                -->
        <!--   destination.temp.folder - destination folder                        -->
        <!-- ===================================================================== -->
        <target name="pre.gather.logs">
        </target>

        <!-- ===================================================================== -->
        <!-- Steps to do after the target gather.logs                              -->
        <!-- Available parameters :                                                -->
        <!--   destination.temp.folder - destination folder                        -->
        <!-- ===================================================================== -->
        <target name="post.gather.logs">
        </target>

        <!-- ===================================================================== -->
        <!-- Steps to do before the target clean                                   -->
        <!-- Available parameters :                                                -->
        <!--   destination.temp.folder - destination folder                        -->
        <!-- ===================================================================== -->
        <target name="pre.clean">
            <subant antfile="build.xml" target="clean" failonerror="true" buildpath="${javatop}/api/dmzstd">
                <property name="basedir" value="${javatop}/api/dmzstd"/>
            </subant>
            <subant antfile="build.xml" target="clean" failonerror="true" buildpath="${javatop}/api/dmfile">
                <property name="basedir" value="${javatop}/api/dmfile"/>
            </subant>
            <subant antfile="build.xml" target="clean" failonerror="true" buildpath="${javatop}/api/dmnet">
                <property name="basedir" value="${javatop}/api/dmnet"/>
            </subant>
            <subant antfile="build.xml" target="clean" failonerror="true" buildpath="${javatop}/api/darius">
                <property name="basedir" value="${javatop}/api/darius"/>
            </subant>
            <subant antfile="build.xml" target="clean" failonerror="true" buildpath="${javatop}/api/dmclient">
                <property name="basedir" value="${javatop}/api/dmclient"/>
            </subant>
            <delete file="${lib.dir}/dmzstd.jar"/>
            <delete file="${lib.dir}/dmfile.jar"/>
            <delete file="${lib.dir}/dmnet.jar"/>
            <delete file="${lib.dir}/darius.jar"/>
            <delete file="${lib.dir}/dmclient.jar"/>
        </target>

        <!-- ===================================================================== -->
        <!-- Steps to do after the target clean                                    -->
        <!-- Available parameters :                                                -->
        <!--   plugin.destination - final destination of the build                 -->
        <!--   build.result.folder - results of the compilation                    -->
        <!--   temp.folder - temporary folder                                      -->
        <!-- ===================================================================== -->
        <target name="post.clean">
        </target>
</project>
