<?xml version="1.0" encoding="UTF-8"?> 
<feature
      id="com.serena.eclipse.dimensions"
      label="%featureName"
      version="14.5.2.0"
      provider-name="%providerName"
      plugin="com.serena.eclipse.dimensions.core">
   <install-handler/>

   <description>
      %description
   </description>

   <copyright>
      %copyright
   </copyright>

   <license url="%licenseUrl">
      %license
   </license>

   <requires>
      <import plugin="org.eclipse.core.runtime"/>
      <import plugin="org.eclipse.ui"/>
      <import plugin="org.eclipse.ui.forms"/>
      <import plugin="org.eclipse.core.resources"/>
      <import plugin="org.eclipse.team.core"/>
      <import plugin="org.eclipse.ui.ide"/>
      <import plugin="org.eclipse.team.ui"/>
      <import plugin="org.eclipse.compare"/>
      <import plugin="org.eclipse.ui.console"/>
      <import plugin="org.eclipse.ui.editors"/>
      <import plugin="org.eclipse.jface.text"/>
      <import plugin="org.eclipse.ui.workbench.texteditor"/>
      <import plugin="org.eclipse.ui.views"/>
   </requires>

   <plugin
         id="com.serena.eclipse.dimensions.change.core"
         download-size="0"
         install-size="0"
         version="14.5.2.0"/>

   <plugin
         id="com.serena.eclipse.dimensions.change.ui"
         download-size="0"
         install-size="0"
         version="14.5.2.0"/>

   <plugin
         id="com.serena.eclipse.dimensions.core"
         download-size="0"
         install-size="0"
         version="14.5.2.0"/>

   <plugin
         id="com.serena.eclipse.dimensions.team.core"
         download-size="0"
         install-size="0"
         version="14.5.2.0"/>

   <plugin
         id="com.serena.eclipse.dimensions.team.ui"
         download-size="0"
         install-size="0"
         version="14.5.2.0"/>

   <plugin
         id="com.serena.eclipse.dimensions.ui"
         download-size="0"
         install-size="0"
         version="14.5.2.0"/>

   <plugin
         id="com.serena.eclipse.core"
         download-size="0"
         install-size="0"
         version="14.5.2.0"/>

   <plugin
         id="com.serena.eclipse.ui"
         download-size="0"
         install-size="0"
         version="14.5.2.0"/>

   <plugin
         id="com.serena.eclipse.sbm"
         download-size="0"
         install-size="0"
         version="14.5.2.0"/>

</feature>
