{
	"rules": {
		"no-arg": true,
		"no-construct": true,
		"no-duplicate-super": true,
		"no-duplicate-switch-case": true,
		"no-duplicate-variable": true,
		"no-eval": true,
		"no-redundant-jsdoc": true,
		"no-sparse-arrays": true,
		"no-string-throw": true,
		"no-unsafe-finally": true,
		"no-unused-expression": true,
		"no-var-keyword": true,
		"number-literal-format": true,
		"curly": true,
		"class-name": true,
		"label-position": true,
		"semicolon": [
			true,
			"always"
		],
		"triple-equals": true,
		"no-unexternalized-strings": [
			true,
			{
				"signatures": [
					"localize",
					"nls.localize"
				],
				"keyIndex": 0,
				"messageIndex": 1
			}
		],
		"layering": [
			true,
			{
				"common": [],
				"node": [
					"common"
				],
				"browser": [
					"common"
				],
				"electron-main": [
					"common",
					"node"
				],
				"electron-browser": [
					"common",
					"browser",
					"node"
				]
			}
		],
		"duplicate-imports": true,
		"no-new-buffer": true,
		"translation-remind": true,
		"no-standalone-editor": true
	},
	"defaultSeverity": "warning"
}