<configuration debug="true">
	<contextName>Dimensions-JGit</contextName>
	<property name="LOG_DIR" value="${LOG_DIR:-${LOG_TEMP:-${java.io.tmpdir:-/tmp}}}" />
	
	<appender name="FILE" class="ch.qos.logback.core.rolling.RollingFileAppender">
		 <file>${LOG_DIR}/Dimensions_JGit_Log.log</file>
		 
		<rollingPolicy class="ch.qos.logback.core.rolling.FixedWindowRollingPolicy">
			<fileNamePattern>${LOG_DIR}/Dimensions_JGit_Log_%i.log</fileNamePattern>
			<minIndex>1</minIndex>
			<maxIndex>5</maxIndex>
		</rollingPolicy>
		
		<triggeringPolicy class="ch.qos.logback.core.rolling.SizeBasedTriggeringPolicy">
			<maxFileSize>10MB</maxFileSize>
		</triggeringPolicy>
		<encoder>
			<pattern>>%d{yyyy-MM-dd HH:mm:ss.SSS} [%contextName] %-5level %logger{36} - %msg%n</pattern>
		</encoder>
	</appender>

	<appender name="CONSOLE" class="ch.qos.logback.core.ConsoleAppender">
		<encoder>
			<pattern>[%contextName] %-5level %logger{36} - %msg%n</pattern>
		</encoder>
	</appender>

	<logger name="com">
    	<appender-ref ref="FILE" />
    	<appender-ref ref="CONSOLE" /> 
	</logger>

</configuration>